{
  "hash": "492eebca",
  "configHash": "e4f9c854",
  "lockfileHash": "1b0fa7ff",
  "browserHash": "1ec0c7a9",
  "optimized": {
    "@angular/common": {
      "src": "../../../../../../node_modules/@angular/common/fesm2022/common.mjs",
      "file": "@angular_common.js",
      "fileHash": "9124e0a8",
      "needsInterop": false
    },
    "@angular/common/http": {
      "src": "../../../../../../node_modules/@angular/common/fesm2022/http.mjs",
      "file": "@angular_common_http.js",
      "fileHash": "833aaf12",
      "needsInterop": false
    },
    "@angular/core": {
      "src": "../../../../../../node_modules/@angular/core/fesm2022/core.mjs",
      "file": "@angular_core.js",
      "fileHash": "ea37e7f8",
      "needsInterop": false
    },
    "@angular/forms": {
      "src": "../../../../../../node_modules/@angular/forms/fesm2022/forms.mjs",
      "file": "@angular_forms.js",
      "fileHash": "4ad4d245",
      "needsInterop": false
    },
    "@angular/platform-browser": {
      "src": "../../../../../../node_modules/@angular/platform-browser/fesm2022/platform-browser.mjs",
      "file": "@angular_platform-browser.js",
      "fileHash": "f9a90510",
      "needsInterop": false
    },
    "@angular/router": {
      "src": "../../../../../../node_modules/@angular/router/fesm2022/router.mjs",
      "file": "@angular_router.js",
      "fileHash": "03360ac6",
      "needsInterop": false
    }
  },
  "chunks": {
    "chunk-B4O3ALBK": {
      "file": "chunk-B4O3ALBK.js"
    },
    "chunk-GR4BRZQZ": {
      "file": "chunk-GR4BRZQZ.js"
    },
    "chunk-H7CEYIRM": {
      "file": "chunk-H7CEYIRM.js"
    },
    "chunk-N243NQOM": {
      "file": "chunk-N243NQOM.js"
    }
  }
}